"id","diagnosis","radius_mean","texture_mean","perimeter_mean","area_mean","smoothness_mean","compactness_mean","concavity_mean","concave points_mean","symmetry_mean","fractal_dimension_mean","radius_se","texture_se","perimeter_se","area_se","smoothness_se","compactness_se","concavity_se","concave points_se","symmetry_se","fractal_dimension_se","radius_worst","texture_worst","perimeter_worst","area_worst","smoothness_worst","compactness_worst","concavity_worst","concave points_worst","symmetry_worst","fractal_dimension_worst",
959223,M,12.68,23.84,82.69,499,0.1122,0.1262,0.1128,0.06873,0.1905,0.0659,0.4255,1.178,2.927,36.46,0.007781,0.02648,0.02973,0.0129,0.01635,0.003601,17.09,33.47,111.8,888.3,0.1851,0.4061,0.4024,0.1716,0.3383,0.1031
962548,M,14.42,19.77,94.48,642.5,0.09752,0.1141,0.09388,0.05839,0.1879,0.0639,0.2895,1.851,2.376,26.85,0.008005,0.02895,0.03321,0.01424,0.01462,0.004452,16.33,30.86,109.5,826.4,0.1431,0.3026,0.3194,0.1565,0.2718,0.09353
962717,M,13.61,24.98,88.05,582.7,0.09488,0.08511,0.08625,0.04489,0.1609,0.05871,0.4565,1.29,2.861,43.14,0.005872,0.01488,0.02647,0.009921,0.01465,0.002355,16.99,35.27,108.6,906.5,0.1265,0.1943,0.3169,0.1184,0.2651,0.07397
962722,B,6.981,13.43,43.79,143.5,0.117,0.07568,0,0,0.193,0.07818,0.2241,1.508,1.553,9.833,0.01019,0.01084,0,0,0.02659,0.0041,7.93,19.54,50.41,185.2,0.1584,0.1202,0,0,0.2932,0.09382
962965,B,12.18,20.52,77.22,458.7,0.08013,0.04038,0.02383,0.0177,0.1739,0.05677,0.1924,1.571,1.183,14.68,0.00508,0.006098,0.01069,0.006797,0.01447,0.001532,13.34,32.84,84.58,547.8,0.1123,0.08862,0.1145,0.07431,0.2694,0.06878
962980,B,9.876,19.4,63.95,298.3,0.1005,0.09697,0.06154,0.03029,0.1945,0.06322,0.1803,1.222,1.528,11.77,0.009058,0.02196,0.03029,0.01112,0.01609,0.00357,10.76,26.83,72.22,361.2,0.1559,0.2302,0.2644,0.09749,0.2622,0.0849
962989,B,10.49,19.29,67.41,336.1,0.09989,0.08578,0.02995,0.01201,0.2217,0.06481,0.355,1.534,2.302,23.13,0.007595,0.02219,0.0288,0.008614,0.0271,0.003451,11.54,23.31,74.22,402.8,0.1219,0.1486,0.07987,0.03203,0.2826,0.07552
