ser,deathRate,avgAnnCount,avgDeathsPerYear,incidenceRate,medIncome,popEst2015,povertyPercent,studyPerCap,binnedInc,MedianAge,MedianAgeMale,MedianAgeFemale,Geography,AvgHouseholdSize,PercentMarried,PctNoHS18_24,PctHS18_24,PctSomeCol18_24,PctBachDeg18_24,PctHS25_Over,PctBachDeg25_Over,PctEmployed16_Over,PctUnemployed16_Over,PctPrivateCoverage,PctPrivateCoverageAlone,PctEmpPrivCoverage,PctPublicCoverage,PctPublicCoverageAlone,PctWhite,PctBlack,PctAsian,PctOtherRace,PctMarriedHouseholds,BirthRate
1,0,1962.667684,9,453.5494221,49256,2968,10.5,673.8544474,,45.2,45.2,45.3,Location 1,2.27,60.9,16.3,29.2,,14.4,30.7,15,61.3,2,68.1,51.9,39.4,30.6,15.5,93.78134403,0.902708124,0.300902708,3.443664326,55.96546311,4.210526316
2,0,1962.667684,12,453.5494221,36471,2605,17.4,0,,50.4,49.1,52.2,Location 2,2.1,60.3,6.5,59.7,,4.8,35.3,11.8,50.7,5.3,66,42.5,36.2,45.5,20.3,94.37197167,0.782705926,0.409988818,0.447260529,52.14968153,3.050108932
3,0,1962.667684,48,453.5494221,49508,29029,13,723.4145165,,32.2,31,33.8,Location 3,2.35,45.1,2.9,17.7,,9.8,27.7,21.9,68.6,4.5,80,64.5,52.9,24.3,9.5,94.29172559,1.145103991,1.386541579,1.014037871,43.27677893,3.977583379
4,0,1962.667684,15,453.5494221,46961,6343,12.4,0,,44.2,41.1,48.8,Location 4,2.08,51,20.9,27.9,,8.4,32.2,15.2,51.7,4.3,78.3,54.9,44.6,31.7,13.2,90.28081123,3.83775351,0.327613105,1.700468019,51.06382979,7.773512476
5,0,1962.667684,43,453.5494221,48609,37118,18.8,377.1754944,,30.4,29.3,31.4,Location 5,2.9,52.6,26.7,33.9,35.6,3.8,23.1,12.4,70.1,4.6,64.5,53.3,48.6,28.8,17.7,75.70624512,2.326771335,4.044919613,14.13028842,52.00793651,8.186469585
6,0,1962.667684,46,453.5494221,51144,34536,15,1968.959926,,30.9,30.5,31.2,Location 6,3.04,54.8,19.7,44.5,33.3,2.5,23,12.8,64.8,6.4,62,52.6,47.8,26.6,16.8,87.96162931,2.313187763,1.316471741,5.680705191,55.15394913,7.80919168
7,0,1962.667684,52,453.5494221,50745,25609,13.3,0,,39,36.9,40.5,Location 7,2.56,58.8,10.9,37.2,,4.1,36.1,14.4,,6.9,75.9,56.3,49.6,29.5,14,92.90568089,1.176561954,0.244631693,2.131790471,58.48423194,7.582938389
8,0,1962.667684,48,453.5494221,41193,37030,13.9,0,,26.2,25.5,27,Location 8,2.83,59.5,8,43.3,43.9,4.8,29.8,13.7,48.8,9.2,76.1,60.3,22.9,25.1,12.6,70.09813249,16.59009976,3.177753011,1.356457444,56.04024208,8.981723238
